Image,Name,Type,Stars,Energy,Sell Price,Ingredients,Collection
,Arendellian Pickled Herring, Appetizers,★★★★★,"2,092", 532, Herring,Dreamlight Valley
,,,,,, Lemon,
,,,,,, Onion,
,,,,,, Garlic,
,,,,,, Any Spice,
,Bell Pepper Puffs, Appetizers,★★★☆☆,"1,272", 606, Bell Pepper,Dreamlight Valley
,,,,,, Egg,
,,,,,, Cheese,
,Buñuelos, Appetizers,★★★★☆,"1,881", 948, Wheat,Dreamlight Valley
,,,,,, Cheese,
,,,,,, Milk,
,,,,,, Egg,
,Cheese Platter, Appetizers,★☆☆☆☆,482, 216, Cheese,Dreamlight Valley
,,,,,,,
,Chili Pepper Puffs, Appetizers,★★★☆☆,"1,382", 669, Chili Pepper,Dreamlight Valley
,,,,,, Egg,
,,,,,, Cheese,
,Chrysanthemum Tea, Appetizers,★★☆☆☆,644, 69, Chrysanthemum Tea Leaves,Dreamlight Valley
,,,,,, Blueberry,
,Coffee, Appetizers,★☆☆☆☆,730, 43, Coffee Bean,Dreamlight Valley
,,,,,,,
,Crackers, Appetizers,★☆☆☆☆,80, 2, Any Grain,Dreamlight Valley
,,,,,,,
,Creamy Soup, Appetizers,★★★★☆,"1,129", 568, Any Spice,Dreamlight Valley
,,,,,, Milk,
,,,,,, Potato,
,,,,,, Any Vegetable,
,Crudités, Appetizers,★☆☆☆☆,83, 26, Any Vegetable,Dreamlight Valley
,,,,,, Bell Pepper,
,,,,,, Carrot,
,,,,,, Cucumber,
,,,,,, Mushroom,
,,,,,, Zucchini,
,Dream Fizz, Appetizers,★★★★☆,"1,550", 316, Dreamlight Fruit,Dreamlight Valley
,,,,,, Sugarcane,
,,,,,, Wheat,
,,,,,, Slush Ice,
,Eggplant Puffs, Appetizers,★★★☆☆,"1,941", 991, Eggplant,Dreamlight Valley
,,,,,, Egg,
,,,,,, Cheese,
,French Fries, Appetizers,★★☆☆☆,342, 304, Canola,Dreamlight Valley
,,,,,, Potato,
,Gazpacho, Appetizers,★★★★☆,821, 556, Cucumber,Dreamlight Valley
,,,,,, Tomato,
,,,,,, Onion,
,,,,,, Any Spice,
,Green Salad, Appetizers,★★☆☆☆,180, 20, Any Vegetable,Dreamlight Valley
,,,,,, Lettuce,
,Grilled Vegetables, Appetizers,★☆☆☆☆,83, 9, Any Vegetable,Dreamlight Valley
,,,,,, Asparagus,
,,,,,, Bamboo,
,,,,,, Broccoli,
,,,,,, Cabbage',
,,,,,, Celery,
,,,,,, Chili Pepper,
,,,,,, Corn,
,,,,,, Eggplant,
,,,,,, Flute Root,
,,,,,, Onion,
,,,,,, Pumpkin,
,,,,,, Seaweed,
,,,,,, Spinach,
,,,,,, Turnip,
,,,,,, Yam,
,Grilled Veggie Platter, Appetizers,★★★☆☆,161, 33, Any Vegetable,Dreamlight Valley
,,,,,, Any Vegetable,
,,,,,, Any Vegetable,
,Hard-Boiled Eggs, Appetizers,★☆☆☆☆,578, 264, Egg,Dreamlight Valley
,Jasmine Tea, Appetizers,★★☆☆☆,127, 56, Jasmine Tea Leaves,Dreamlight Valley
,,,,,, Sugarcane,
,Large Seafood Platter, Appetizers,★★★★★,"1,810", 2, Any Seafood,Dreamlight Valley
,,,,,, Any Seafood,
,,,,,, Any Seafood,
,,,,,, Any Seafood,
,,,,,, Lemon,
,Latte, Appetizers,★★☆☆☆,"1,358", 345, Coffee Bean,Dreamlight Valley
,,,,,, Milk,
,Mocha, Appetizers,★★★☆☆,"2,246", 425, Coffee Bean,Dreamlight Valley
,,,,,, Milk,
,,,,,, Cocoa Bean,
,Okra Soup, Appetizers,★☆☆☆☆,99, 136, Okra,Dreamlight Valley
,Onion Puffs, Appetizers,★★★☆☆,"1,392", 798, Onion,Dreamlight Valley
,,,,,, Egg,
,,,,,, Cheese,
,Oolong Tea, Appetizers,★★☆☆☆,516, 59, Oolong Tea Leaves,Dreamlight Valley
,,,,,, Raspberry,
,Oyster Platter, Appetizers,★★☆☆☆,"1,155", 107, Oyster,Dreamlight Valley
,,,,,, Lemon,
,Peppermint Tea, Appetizers,★★☆☆☆,993, 107, Lemon,Dreamlight Valley
,,,,,, Mint,
,Pickled Herring, Appetizers,★★★★☆,"1,733", 423, Herring,Dreamlight Valley
,,,,,, Lemon,
,,,,,, Onion,
,,,,,, Any Spice,
,Potato Leek Soup, Appetizers,★★★★★,"1,984"," 1,415", Leek,Dreamlight Valley
,,,,,, Potato,
,,,,,, Milk,
,,,,,, Onion,
,,,,,, Garlic,
,Potato Puffs, Appetizers,★★★☆☆,"1,333", 736, Potato,Dreamlight Valley
,,,,,, Egg,
,,,,,, Cheese,
,Pottage, Appetizers,★★★☆☆,452, 208, Potato,Dreamlight Valley
,,,,,, Any Spice,
,,,,,, Any Vegetable,
,Pumpkin Puffs, Appetizers,★★★☆☆,"1,466"," 1,489", Pumpkin,Dreamlight Valley
,,,,,, Egg,
,,,,,, Cheese,
,Pumpkin Soup, Appetizers,★★★★☆,"1,431"," 1,428", Any Vegetable,Dreamlight Valley
,,,,,, Milk,
,,,,,, Ginger,
,,,,,, Pumpkin,
,Purée, Appetizers,★☆☆☆☆,230, 151, Potato,Dreamlight Valley
,Roasted Asparagus, Appetizers,★★☆☆☆,221, 313, Asparagus,Dreamlight Valley
,,,,,, Canola,
,Salad, Appetizers,★☆☆☆☆,139, 9, Lettuce,Dreamlight Valley
,,,,,,,
,Sautéed Mushrooms, Appetizers,★★☆☆☆,712, 286, Mushroom,Dreamlight Valley
,,,,,, Butter,
,Seafood Appetizer, Appetizers,★☆☆☆☆,242, 1, Any Seafood,Dreamlight Valley
,Seafood Platter, Appetizers,★★☆☆☆,458, 116, Any Seafood,Dreamlight Valley
,,,,,, Any Seafood,
,Sesame Balls, Appetizers,★★★★★,722, 322, Wheat,Dreamlight Valley
,,,,,, Ginger,
,,,,,, Rice,
,,,,,, Soya,
,,,,,, Seaweed,
,Soufflé, Appetizers,★★★★☆,"2,386"," 1,230", Cheese,Dreamlight Valley
,,,,,, Egg,
,,,,,, Milk,
,,,,,, Butter,
,Sweet Herring, Appetizers,★★☆☆☆,723, 305, Herring,Dreamlight Valley
,,,,,, Onion,
,Tomato Soup, Appetizers,★☆☆☆☆,83, 26, Tomato,Dreamlight Valley
,Vegetable Soup, Appetizers,★★☆☆☆,120, 20, Any Vegetable,Dreamlight Valley
,,,,,, Any Vegetable,
,Zucchini Puffs, Appetizers,★★★☆☆,"1,216", 632, Zucchini,Dreamlight Valley
,,,,,, Egg,
,,,,,, Cheese,
,Apple-Cider-Glazed Salmon, Entrées,★★★☆☆,"1,572", 271, Salmon,Dreamlight Valley
,,,,,, Sugarcane,
,,,,,, Apple,
,Baked Carp, Entrées,★★☆☆☆,"1,894", 767, Carp,Dreamlight Valley
,,,,,, Butter,
,Basil Omelet, Entrées,★★★★☆,"2,035"," 1,020", Basil,Dreamlight Valley
,,,,,, Egg,
,,,,,, Cheese,
,,,,,, Milk,
,Bouillabaisse, Entrées,★★★★★,"2,114", 529, Any Seafood,Dreamlight Valley
,,,,,, Any Seafood,
,,,,,, Shrimp,
,,,,,, Tomato,
,,,,,, Any Vegetable,
,Carp Salad, Entrées,★★★☆☆,"2,310", 617, Carp,Dreamlight Valley
,,,,,, Lemon,
,,,,,, Lettuce,
,Cheesy Crispy Baked Cod, Entrées,★★★☆☆,840, 303, Cod,Dreamlight Valley
,,,,,, Wheat,
,,,,,, Cheese,
,Chowder, Entrées,★★★★☆,"1,186", 547, Any Seafood,Dreamlight Valley
,,,,,, Milk,
,,,,,, Potato,
,,,,,, Any Vegetable,
,Creamy Garlic Scallops, Entrées,★★★★☆,"1,844", 484, Scallop,Dreamlight Valley
,,,,,, Lemon,
,,,,,, Butter,
,,,,,, Garlic,
,Crispy Baked Cod, Entrées,★★☆☆☆,337, 47, Cod,Dreamlight Valley
,,,,,, Wheat,
,Fish Creole, Entrées,★★★★★,822, 225, Any Fish,Dreamlight Valley
,,,,,, Any Vegetable,
,,,,,, Garlic,
,,,,,, Rice,
,,,,,, Tomato,
,Fish 'n' Chips, Entrées,★★★★☆,697, 356, Any Fish,Dreamlight Valley
,,,,,, Wheat,
,,,,,, Canola,
,,,,,, Potato,
,Fish Pasta, Entrées,★★★★☆,"1,282", 424, Any Fish,Dreamlight Valley
,,,,,, Garlic,
,,,,,, Wheat,
,,,,,, Milk,
,Fish Pie, Entrées,★★★☆☆,867, 269, Any Fish,Dreamlight Valley
,,,,,, Wheat,
,,,,,, Butter,
,Fish Risotto, Entrées,★★★☆☆,939, 352, Any Fish,Dreamlight Valley
,,,,,, Rice,
,,,,,, Butter,
,Fish Salad, Entrées,★★★☆☆,"1,140", 58, Any Fish,Dreamlight Valley
,,,,,, Lemon,
,,,,,, Lettuce,
,Fish Sandwich, Entrées,★★☆☆☆,337, 3, Any Fish,Dreamlight Valley
,,,,,, Wheat,
,Fish Soup, Entrées,★★★☆☆,978, 334, Any Fish,Dreamlight Valley
,,,,,, Any Vegetable,
,,,,,, Milk,
,Fish Steak, Entrées,★★★☆☆,537, 101, Any Fish,Dreamlight Valley
,,,,,, Tomato,
,,,,,, Basil,
,Fish Tacos, Entrées,★★★★☆,"1,171", 412, Any Fish,Dreamlight Valley
,,,,,, Corn,
,,,,,, Chili Pepper,
,,,,,, Cheese,
,Fugu Sushi, Entrées,★★★☆☆,"3,261"," 1,373", Fugu,Dreamlight Valley
,,,,,, Rice,
,,,,,, Seaweed,
,Ghostly Fish Steak, Entrées,★★★★★,"3,282"," 3,548", Here and There Fish,Dreamlight Valley
,,,,,, Lemon,
,,,,,, Asparagus,
,,,,,, Bell Pepper,
,,,,,, Oregano,
,Greek Pizza, Entrées,★★★★★,"1,142", 622, Any Spice,Dreamlight Valley
,,,,,, Tomato,
,,,,,, Onion,
,,,,,, Cheese,
,,,,,, Wheat,
,Grilled Fish, Entrées,★☆☆☆☆,290, 1, Any Fish,Dreamlight Valley
,Grilled Fish Entree, Entrées,★★☆☆☆,340, 11, Any Fish,Dreamlight Valley
,,,,,, Any Vegetable,
,Gumbo, Entrées,★★★★★,"2,226"," 1,093", Okra,Dreamlight Valley
,,,,,, Shrimp,
,,,,,, Chili Pepper,
,,,,,, Tomato,
,,,,,, Onion,
,Hearty Salad, Entrées,★★★☆☆,224, 33, Any Vegetable,Dreamlight Valley
,,,,,, Lettuce,
,,,,,, Any Vegetable,
,Hors d'Oeuvres, Entrées,★☆☆☆☆,194, 18, Any Spice,Dreamlight Valley
,Kappa Maki, Entrées,★★★☆☆,462, 335, Seaweed,Dreamlight Valley
,,,,,, Cucumber,
,,,,,, Rice,
,Kronk's Spinach Puffs, Entrées,★★★☆☆,750, 461, Spinach,Dreamlight Valley
,,,,,, Cheese,
,,,,,, Canola,
,Lancetfish Paella, Entrées,★★★★★,"4,550"," 1,653", Lancetfish,Dreamlight Valley
,,,,,, Shrimp,
,,,,,, Any Seafood,
,,,,,, Tomato,
,,,,,, Rice,
,Leek Soup, Entrées,★☆☆☆☆,414, 370, Leek,Dreamlight Valley
,Lemon Garlic Swordfish, Entrées,★★★☆☆,"3,713"," 1,096", Swordfish,Dreamlight Valley
,,,,,, Garlic,
,,,,,, Lemon,
,Lioness Feast, Entrées,★★★★☆,"2,368"," 3,108", Mushroom,Dreamlight Valley
,,,,,, Tomato,
,,,,,, Oregano,
,,,,,, Here and There Fish,
,Lobster Roll, Entrées,★★★★★,"4,928"," 1,959", Lobster,Dreamlight Valley
,,,,,, Wheat,
,,,,,, Lemon,
,,,,,, Butter,
,,,,,, Garlic,
,Maguro Sushi, Entrées,★★★★☆,"1,206", 338, Tuna,Dreamlight Valley
,,,,,, Seaweed,
,,,,,, Rice,
,,,,,, Ginger,
,Maki, Entrées,★★★☆☆,471, 114, Any Fish,Dreamlight Valley
,,,,,, Seaweed,
,,,,,, Rice,
,Margherita Pizza, Entrées,★★★★☆,809, 328, Any Spice,Dreamlight Valley
,,,,,, Tomato,
,,,,,, Cheese,
,,,,,, Wheat,
,Marvelous Jam, Entrées,★★☆☆☆,932, 54, Dreamlight Fruit,Dreamlight Valley
,,,,,, Wheat,
,Mediterranean Salad, Entrées,★★★★★,966, 597, Cucumber,Dreamlight Valley
,,,,,, Tomato,
,,,,,, Onion,
,,,,,, Lettuce,
,,,,,, Any Spice,
,Mushroom Pizza, Entrées,★★★★☆,837, 351, Mushroom,Dreamlight Valley
,,,,,, Wheat,
,,,,,, Tomato,
,,,,,, Cheese,
,Mushu's Congee, Entrées,★★★★★,"1,658", 657, Rice,Dreamlight Valley
,,,,,, Egg,
,,,,,, Mushroom,
,,,,,, Garlic,
,,,,,, Ginger,
,Omelet, Entrées,★★★☆☆,"1,751", 882, Egg,Dreamlight Valley
,,,,,, Cheese,
,,,,,, Milk,
,Pan-Fried Angler Fish, Entrées,★★★★☆,"4,194"," 2,550", Anglerfish,Dreamlight Valley
,,,,,, Tomato,
,,,,,, Zucchini,
,,,,,, Potato,
,Pan-Seared Bass & Vegetables, Entrées,★★★☆☆,394, 57, Bass,Dreamlight Valley
,,,,,, Any Vegetable,
,,,,,, Any Vegetable,
,Pan-Seared Tilapia & Vegetables, Entrées,★★★☆☆,"2,194", 862, Tilapia,Dreamlight Valley
,,,,,, Any Vegetable,
,,,,,, Any Vegetable,
,Pasta, Entrées,★★☆☆☆,117, 30, Wheat,Dreamlight Valley
,,,,,, Tomato,
,Peanut Butter Sandwich, Entrées,★★☆☆☆,592, 262, Peanut,Dreamlight Valley
,,,,,, Wheat,
,Pizza, Entrées,★★★☆☆,607, 284, Tomato,Dreamlight Valley
,,,,,, Cheese,
,,,,,, Wheat,
,Poached Basil-Butter Sturgeon, Entrées,★★★★☆,"4,961"," 2,284", White Sturgeon,Dreamlight Valley
,,,,,, Basil,
,,,,,, Lemon,
,,,,,, Butter,
,Porridge, Entrées,★★☆☆☆,668, 301, Milk,Dreamlight Valley
,,,,,, Wheat,
,Porridge with Fruits, Entrées,★★★☆☆,742, 336, Milk,Dreamlight Valley
,,,,,, Wheat,
,,,,,, Any Fruit,
,Ranch Salad, Entrées,★★★★★,714, 396, Lettuce,Dreamlight Valley
,,,,,, Bell Pepper,
,,,,,, Corn,
,,,,,, Tomato,
,,,,,, Onion,
,Ratatouille, Entrées,★★★★★,"1,562", 906, Tomato,Dreamlight Valley
,,,,,, Eggplant,
,,,,,, Onion,
,,,,,, Zucchini,
,,,,,, Any Spice,
,Sake Maki, Entrées,★★★☆☆,"1,101", 323, Rice,Dreamlight Valley
,,,,,, Seaweed,
,,,,,, Salmon,
,Sake Sushi, Entrées,★★☆☆☆,"1,000", 274, Salmon,Dreamlight Valley
,,,,,, Rice,
,Savory Fish, Entrées,★★☆☆☆,985, 43, Any Fish,Dreamlight Valley
,,,,,, Lemon,
,Scrambled Egg, Entrées,★★☆☆☆,"1,070", 520, Egg,Dreamlight Valley
,,,,,, Cheese,
,Seafood Pasta, Entrées,★★★☆☆,921, 325, Any Seafood,Dreamlight Valley
,,,,,, Wheat,
,,,,,, Milk,
,Seafood Pie, Entrées,★★★☆☆,813, 269, Any Seafood,Dreamlight Valley
,,,,,, Wheat,
,,,,,, Butter,
,Seafood Salad, Entrées,★★☆☆☆,349, 11, Any Seafood,Dreamlight Valley
,,,,,, Lettuce,
,Seafood Soup, Entrées,★★★☆☆,340, 23, Any Seafood,Dreamlight Valley
,,,,,, Any Vegetable,
,,,,,, Any Vegetable,
,Seared Rainbow Trout, Entrées,★★★☆☆,889, 338, Rainbow Trout,Dreamlight Valley
,,,,,, Tomato,
,,,,,, Onion,
,Simple Fried Perch, Entrées,★★★☆☆,"1,317", 380, Perch,Dreamlight Valley
,,,,,, Wheat,
,,,,,, Butter,
,Smoked Peanuts and Anglerfish, Entrées,★★☆☆☆,"3,960"," 2,210", Anglerfish,Dreamlight Valley
,,,,,, Peanut,
,Sole Meunière, Entrées,★★★★☆,"2,337", 637, Sole,Dreamlight Valley
,,,,,, Wheat,
,,,,,, Butter,
,,,,,, Lemon,
,Spaghetti Arrabbiata, Entrées,★★★☆☆,373, 141, Tomato,Dreamlight Valley
,,,,,, Wheat,
,,,,,, Chili Pepper,
,Spicy Baked Bream, Entrées,★★★☆☆,"2,075", 767, Bream,Dreamlight Valley
,,,,,, Chili Pepper,
,,,,,, Butter,
,Steamed Fugu, Entrées,★★★☆☆,"3,668"," 1,400", Fugu,Dreamlight Valley
,,,,,, Ginger,
,,,,,, Garlic,
,Sushi, Entrées,★★☆☆☆,405, 80, Any Fish,Dreamlight Valley
,,,,,, Rice,
,Sweet & Sour Kingfish Steak, Entrées,★★★☆☆,"2,292", 702, Kingfish,Dreamlight Valley
,,,,,, Sugarcane,
,,,,,, Lemon,
,Sweet Udon, Entrées,★★★★☆,"1,427", 180, Dreamlight Fruit,Dreamlight Valley
,,,,,, Rice,
,,,,,, Any Seafood,
,,,,,, Any Sweet,
,Tamagoyaki, Entrées,★★☆☆☆,689, 310, Egg,Dreamlight Valley
,,,,,, Sugarcane,
,Tasty Salad, Entrées,★★★★☆,641, 284, Lettuce,Dreamlight Valley
,,,,,, Cucumber,
,,,,,, Any Vegetable,
,,,,,, Any Spice,
,Tasty Veggies, Entrées,★★☆☆☆,238, 29, Any Vegetable,Dreamlight Valley
,,,,,, Any Spice,
,Tekka Maki, Entrées,★★★★☆,984, 366, Tuna,Dreamlight Valley
,,,,,, Soya,
,,,,,, Seaweed,
,,,,,, Rice,
,Teriyaki Salmon, Entrées,★★★★★,"1,726", 557, Soya,Dreamlight Valley
,,,,,, Salmon,
,,,,,, Sugarcane,
,,,,,, Rice,
,,,,,, Ginger,
,Tuna Burger, Entrées,★★★★★,"1,922", 491, Tuna,Dreamlight Valley
,,,,,, Onion,
,,,,,, Lemon,
,,,,,, Wheat,
,,,,,, Any Vegetable,
,Vegetarian Pizza, Entrées,★★★★★,754, 350, Any Vegetable,Dreamlight Valley
,,,,,, Any Vegetable,
,,,,,, Tomato,
,,,,,, Cheese,
,,,,,, Wheat,
,Vegetarian Stew, Entrées,★★★☆☆,617, 475, Potato,Dreamlight Valley
,,,,,, Carrot,
,,,,,, Onion,
,Vegetarian Taco, Entrées,★★★★☆,925, 423, Corn,Dreamlight Valley
,,,,,, Chili Pepper,
,,,,,, Cheese,
,,,,,, Any Vegetable,
,Veggie Casserole, Entrées,★★★★☆,812, 316, Any Vegetable,Dreamlight Valley
,,,,,, Any Vegetable,
,,,,,, Cheese,
,,,,,, Any Spice,
,Veggie Pasta, Entrées,★★★☆☆,158, 43, Tomato,Dreamlight Valley
,,,,,, Wheat,
,,,,,, Any Vegetable,
,Veggie Pie, Entrées,★★★☆☆,634, 279, Any Vegetable,Dreamlight Valley
,,,,,, Butter,
,,,,,, Wheat,
,Veggie Skewers, Entrées,★★★★☆,767, 427, Mushroom,Dreamlight Valley
,,,,,, Zucchini,
,,,,,, Onion,
,,,,,, Bell Pepper,
,Walleye en Papillote, Entrées,★★★★☆,"3,689"," 1,812", Walleye,Dreamlight Valley
,,,,,, Basil,
,,,,,, Oregano,
,,,,,, Any Vegetable,
,Wonton Soup, Entrées,★★★★☆,"2,415"," 1,038", Egg,Dreamlight Valley
,,,,,, Shrimp,
,,,,,, Wheat,
,,,,,, Onion,
,"""My Hero"" Cookie", Desserts,★★★☆☆,679, 294, Wheat,Dreamlight Valley
,,,,,, Butter,
,,,,,, Any Sweet,
,Apple Pie, Desserts,★★★☆☆,"1,137", 303, Apple,Dreamlight Valley
,,,,,, Wheat,
,,,,,, Butter,
,Apple Sorbet, Desserts,★★★☆☆,"1,077", 271, Slush Ice,Dreamlight Valley
,,,,,, Apple,
,,,,,, Sugarcane,
,Aurora's Cake, Desserts,★★★★★,"1,572", 767, Wheat,Dreamlight Valley
,,,,,, Sugarcane,
,,,,,, Egg,
,,,,,, Any Fruit,
,,,,,, Milk,
,Banana Ice Cream, Desserts,★★★★☆,"1,884", 641, Slush Ice,Dreamlight Valley
,,,,,, Banana,
,,,,,, Milk,
,,,,,, Sugarcane,
,Banana Pie, Desserts,★★★☆☆,"1,227", 308, Banana,Dreamlight Valley
,,,,,, Wheat,
,,,,,, Butter,
,Banana Split, Desserts,★★★★★,"2,074", 714, Slush Ice,Dreamlight Valley
,,,,,, Banana,
,,,,,, Milk,
,,,,,, Sugarcane,
,,,,,, Any Sweet,
,Beignets, Desserts,★★★★☆,912, 524, Canola,Dreamlight Valley
,,,,,, Wheat,
,,,,,, Egg,
,,,,,, Sugarcane,
,Berry Salad, Desserts,★★★☆☆,"2,255", 139, Raspberry,Dreamlight Valley
,,,,,, Blueberry,
,,,,,, Gooseberry,
,Birthday Cake, Desserts,★★★★★,"2,310", 749, Cocoa Bean,Dreamlight Valley
,,,,,, Wheat,
,,,,,, Sugarcane,
,,,,,, Egg,
,,,,,, Butter,
,Biscuits, Desserts,★★★☆☆,679, 294, Wheat,Dreamlight Valley
,,,,,, Sugarcane,
,,,,,, Butter,
,Blueberry Pie, Desserts,★★★☆☆,"1,227", 308, Blueberry,Dreamlight Valley
,,,,,, Wheat,
,,,,,, Butter,
,Boba Tea, Desserts,★★☆☆☆,714, 323, Sugarcane,Dreamlight Valley
,,,,,, Milk,
,Candy, Desserts,★☆☆☆☆,123, 22, Any Sweet,Dreamlight Valley
,,,,,,,
,Caramel Apples, Desserts,★★☆☆☆,638, 56, Sugarcane,Dreamlight Valley
,,,,,, Apple,
,Carrot Cake, Desserts,★★★★☆,908, 427, Carrot,Dreamlight Valley
,,,,,, Wheat,
,,,,,, Egg,
,,,,,, Sugarcane,
,Cheesecake, Desserts,★★★★☆,725, 314, Cheese,Dreamlight Valley
,,,,,, Wheat,
,,,,,, Sugarcane,
,,,,,, Any Fruit,
,Cherry Pie, Desserts,★★★☆☆,"1,497", 326, Cherry,Dreamlight Valley
,,,,,, Wheat,
,,,,,, Butter,
,Chocolate Chip Cookies, Desserts,★★★★☆,"1,569", 373, Cocoa Bean,Dreamlight Valley
,,,,,, Wheat,
,,,,,, Sugarcane,
,,,,,, Butter,
,Chocolate Ice Cream, Desserts,★★★★☆,"2,074", 655, Cocoa Bean,Dreamlight Valley
,,,,,, Sugarcane,
,,,,,, Milk,
,,,,,, Slush Ice,
,Chocolate Waffles, Desserts,★★★★☆,"2,223", 735, Cocoa Bean,Dreamlight Valley
,,,,,, Wheat,
,,,,,, Egg,
,,,,,, Milk,
,Coconut Boba Tea, Desserts,★★★☆☆,"1,653", 406, Sugarcane,Dreamlight Valley
,,,,,, Milk,
,,,,,, Coconut,
,Coconut Cake, Desserts,★★★★☆,"1,750", 424, Coconut,Dreamlight Valley
,,,,,, Wheat,
,,,,,, Egg,
,,,,,, Sugarcane,
,Coconut Ice Cream, Desserts,★★★★☆,"2,169", 661, Slush Ice,Dreamlight Valley
,,,,,, Milk,
,,,,,, Sugarcane,
,,,,,, Coconut,
,Crepe, Desserts,★★★★☆,"1,624", 753, Wheat,Dreamlight Valley
,,,,,, Egg,
,,,,,, Milk,
,,,,,, Vanilla,
,Dream Ice Cream, Desserts,★★★☆☆,"1,976", 588, Dreamlight Fruit,Dreamlight Valley
,,,,,, Milk,
,,,,,, Slush Ice,
,Fruit Salad, Desserts,★☆☆☆☆,83, 10, Any Fruit,Dreamlight Valley
,,,,,,,
,Fruit Sorbet, Desserts,★★☆☆☆,467, 206, Slush Ice,Dreamlight Valley
,,,,,, Any Fruit,
,Fruitcake, Desserts,★★★★☆,203, 42, Wheat,Dreamlight Valley
,,,,,, Any Fruit,
,,,,,, Any Fruit,
,,,,,, Any Fruit,
,Gingerbread House, Desserts,★★★★★,"1,460", 545, Wheat,Dreamlight Valley
,,,,,, Ginger,
,,,,,, Sugarcane,
,,,,,, Vanilla,
,,,,,, Egg,
,Gooseberry Boba Tea, Desserts,★★★☆☆,"1,833", 418, Sugarcane,Dreamlight Valley
,,,,,, Milk,
,,,,,, Gooseberry,
,Gray Stuff, Desserts,★★★☆☆,"1,008", 114, Any Dairy or Oil,Dreamlight Valley
,,,,,, Sugarcane,
,,,,,, Cocoa Bean,
,Hot Cocoa, Desserts,★★★☆☆,"1,563", 401, Sugarcane,Dreamlight Valley
,,,,,, Milk,
,,,,,, Cocoa Bean,
,Ice Cream, Desserts,★★★☆☆,"1,158", 558, Slush Ice,Dreamlight Valley
,,,,,, Milk,
,,,,,, Sugarcane,
,Jam Waffles, Desserts,★★★★☆,"1,407", 691, Any Fruit,Dreamlight Valley
,,,,,, Wheat,
,,,,,, Egg,
,,,,,, Milk,
,Lemon Sorbet, Desserts,★★☆☆☆,"1,112", 237, Slush Ice,Dreamlight Valley
,,,,,, Lemon,
,Meringue Pie, Desserts,★★★★☆,"2,014", 667, Lemon,Dreamlight Valley
,,,,,, Wheat,
,,,,,, Egg,
,,,,,, Butter,
,Mermaid Cupcake, Desserts,★★★★★,"1,690", 751, Butter,Dreamlight Valley
,,,,,, Milk,
,,,,,, Wheat,
,,,,,, Sugarcane,
,,,,,, Scallop,
,Minnie Cupcake, Desserts,★★★★★,"2,040", 745, Butter,Dreamlight Valley
,,,,,, Milk,
,,,,,, Wheat,
,,,,,, Sugarcane,
,,,,,, Apple,
,Minnie's Gingerbread Cookies, Desserts,★★☆☆☆,379, 67, Wheat,Dreamlight Valley
,,,,,, Ginger,
,Mint Boba Tea, Desserts,★★★☆☆,"1,032", 418, Sugarcane,Dreamlight Valley
,,,,,, Milk,
,,,,,, Mint,
,Mint Candy, Desserts,★★☆☆☆,391, 89, Mint,Dreamlight Valley
,,,,,, Sugarcane,
,Mint Chocolate, Desserts,★★★★☆,"1,827", 445, Mint,Dreamlight Valley
,,,,,, Sugarcane,
,,,,,, Butter,
,,,,,, Cocoa Bean,
,Mint Sorbet, Desserts,★★☆☆☆,695, 260, Slush Ice,Dreamlight Valley
,,,,,, Mint,
,Pastry Cream and Fruits, Desserts,★★★★★,958, 440, Any Fruit,Dreamlight Valley
,,,,,, Any Fruit,
,,,,,, Any Fruit,
,,,,,, Milk,
,,,,,, Sugarcane,
,Pawpsicle, Desserts,★★★☆☆,574, 248, Slush Ice,Dreamlight Valley
,,,,,, Sugarcane,
,,,,,, Any Fruit,
,Peanut Butter Waffles, Desserts,★★★★☆,"1,938", 978, Peanut,Dreamlight Valley
,,,,,, Wheat,
,,,,,, Egg,
,,,,,, Milk,
,Plain Snow Cones, Desserts,★☆☆☆☆,410, 180, Any Ice,Dreamlight Valley
,Princess Aurora Raspberry Cupcake, Desserts,★★★★★,"1,990", 738, Butter,Dreamlight Valley
,,,,,, Milk,
,,,,,, Wheat,
,,,,,, Sugarcane,
,,,,,, Raspberry,
,Raspberry Boba Tea, Desserts,★★★☆☆,"1,248", 377, Sugarcane,Dreamlight Valley
,,,,,, Milk,
,,,,,, Raspberry,
,Red Fruit Pie, Desserts,★★★☆☆,634, 280, Any Fruit,Dreamlight Valley
,,,,,, Coconut,
,,,,,, Coffee Bean,
,,,,,, Lemon,
,,,,,, Raspberry,
,,,,,, Grapes,
,,,,,, Wheat,
,,,,,, Butter,
,Red Fruit Sorbet, Desserts,★★★★☆,"2,226", 359, Slush Ice,Dreamlight Valley
,,,,,, Raspberry,
,,,,,, Gooseberry,
,,,,,, Sugarcane,
,Root Beer, Desserts,★★★☆☆,690, 166, Ginger,Dreamlight Valley
,,,,,, Sugarcane,
,,,,,, Vanilla,
,Shake, Desserts,★☆☆☆☆,109, 30, Any Dairy or Oil,Dreamlight Valley
,,,,,,,
,Snow White's Gooseberry Pie, Desserts,★★★☆☆,"1,677", 338, Gooseberry,Dreamlight Valley
,,,,,, Wheat,
,,,,,, Butter,
,Sour Snow Cones, Desserts,★★★☆☆,"1,257", 282, Slush Ice,Dreamlight Valley
,,,,,, Lemon,
,,,,,, Sugarcane,
,Spaceship Earth Cupcake, Desserts,★★★★★,"2,440", 772, Butter,Dreamlight Valley
,,,,,, Milk,
,,,,,, Wheat,
,,,,,, Sugarcane,
,,,,,, Coconut,
,Spring Chocolate, Desserts,★★★☆☆,"1,392", 254, Spring V-EGG-etable,Dreamlight Valley
,,,,,, Sugarcane,
,,,,,, Cocoa Bean,
,Spring Egg Bowl, Desserts,★★★★★,"1,942", 370, Egg-cellent Fruit,Dreamlight Valley
,,,,,, Spring V-EGG-etable,
,,,,,, Wild Spring Egg,
,,,,,, Cocoa Bean,
,,,,,, Sugarcane,
,Spring Mimosa Eggs, Desserts,★★★★☆,"1,095", 336, Spring V-EGG-etable,Dreamlight Valley
,,,,,, Wild Spring Egg,
,,,,,, Egg-cellent Fruit,
,,,,,, Basil,
,Stitch Cupcake, Desserts,★★★★★,"2,140", 751, Butter,Dreamlight Valley
,,,,,, Milk,
,,,,,, Wheat,
,,,,,, Sugarcane,
,,,,,, Blueberry,
,Sweet Slush, Desserts,★★☆☆☆,510, 219, Slush Ice,Dreamlight Valley
,,,,,, Any Sweet,
,Tropical Pop, Desserts,★★★★☆,"1,553", 329, Slush Ice,Dreamlight Valley
,,,,,, Any Fruit,
,,,,,, Sugarcane,
,,,,,, Coconut,
,Vanilla Ice Cream, Desserts,★★★★☆,"1,475", 673, Slush Ice,Dreamlight Valley
,,,,,, Milk,
,,,,,, Sugarcane,
,,,,,, Vanilla,
,Waffles, Desserts,★★★★☆,"1,455", 706, Wheat,Dreamlight Valley
,,,,,, Milk,
,,,,,, Egg,
,,,,,, Any Sweet (,
,,,,,, Sugarcane only),
,Wedding Cake, Desserts,★★★★★,"1,680", 769, Butter,Dreamlight Valley
,,,,,, Sugarcane,
,,,,,, Vanilla,
,,,,,, Egg,
,,,,,, Wheat,
,Whimsical Pie, Desserts,★★★☆☆,"1,497", 324, Dreamlight Fruit,Dreamlight Valley
,,,,,, Wheat,
,,,,,, Butter,
,Wonderland Cookies, Desserts,★★★★☆,970, 391, Butter,Dreamlight Valley
,,,,,, Sugarcane,
,,,,,, Vanilla,
,,,,,, Wheat,
,Yule Log, Desserts,★★★★☆,"2,147", 198, Wheat,Dreamlight Valley
,,,,,, Cocoa Bean,
,,,,,, Vanilla,
,,,,,, Cherry,
,Arepas Con Queso, Appetizers,★★★☆☆,770, 309, Corn,Eternity Isle
,,,,,, Cheese,
,,,,,, Agave,
,Baozi, Appetizers,★★★★☆,842, 503, Pork,Eternity Isle
,,,,,, Wheat,
,,,,,, Soya,
,,,,,, Any Spice,
,Barbecued Brilliant Blue Starfish, Appetizers,★★☆☆☆,"3,118"," 1,202", Brilliant Blue Starfish,Eternity Isle
,,,,,, Mint,
,Barbecued Pretty Pink Starfish, Appetizers,★★☆☆☆,"2,812"," 1,202", Pretty Pink Starfish,Eternity Isle
,,,,,, Paprika,
,Bulgur Salad, Appetizers,★★★★★,910, 396, Wheat,Eternity Isle
,,,,,, Cucumber,
,,,,,, Tomato,
,,,,,, Mint,
,,,,,, Any Spice,
,Clam Juice, Appetizers,★★☆☆☆,289, 93, Clam,Eternity Isle
,,,,,, Tomato,
,Coleslaw, Appetizers,★★☆☆☆,387, 389, Cabbage,Eternity Isle
,,,,,, Carrot,
,Conch Ceviche, Appetizers,★★★★☆,"2,646", 712, Sea Snail,Eternity Isle
,,,,,, Onion,
,,,,,, Tomato,
,,,,,, Lemon,
,Crab Melts, Appetizers,★★☆☆☆,"2,549"," 1,014", Crab,Eternity Isle
,,,,,, Cheese,
,Dumplings, Appetizers,★★★★☆,710, 493, Any Meat,Eternity Isle
,,,,,, Wheat,
,,,,,, Any Vegetable,
,,,,,, Soya,
,Falafel, Appetizers,★★★☆☆,528, 159, Beans,Eternity Isle
,,,,,, Cumin,
,,,,,, Garlic,
,Nuts & Bolts, Appetizers,★★☆☆☆,"3,195", 866, Robot Fish,Eternity Isle
,,,,,, Almonds,
,Roasted Almonds, Appetizers,★★☆☆☆,"1,070", 86, Almonds,Eternity Isle
,,,,,, Agave,
,Royal Ice Tea, Appetizers,★★☆☆☆,610, 234, Slush Ice,Eternity Isle
,,,,,, Majestea,
,Royal Latte, Appetizers,★★☆☆☆,814, 338, Milk,Eternity Isle
,,,,,, Majestea,
,Royal Tea, Appetizers,★☆☆☆☆,218, 36, Majestea,Eternity Isle
,,,,,,,
,Sand Worm Carpaccio Plate, Appetizers,★★☆☆☆,"3,004"," 1,160", Sand Worm,Eternity Isle
,,,,,, Melon,
,Shad Ceviche, Appetizers,★★★★☆,"1,696", 427, Shad,Eternity Isle
,,,,,, Onion,
,,,,,, Tomato,
,,,,,, Lemon,
,Spicy Scorpion Skewer, Appetizers,★★☆☆☆,"1,792", 617, Scorpion,Eternity Isle
,,,,,, Paprika,
,Takoyaki Stick, Appetizers,★★★★☆,"2,164", 898, Octopus,Eternity Isle
,,,,,, Seaweed,
,,,,,, Egg,
,,,,,, Soya,
,Thousand Needles, Appetizers,★★★☆☆,"5,000"," 2,497", Brilliant Blue Starfish,Eternity Isle
,,,,,, Pretty Pink Starfish,
,,,,,, Cactoberries,
,Tomato Basil Soup, Appetizers,★★☆☆☆,255, 93, Tomato,Eternity Isle
,,,,,, Basil,
,Vegetarian Dumplings, Appetizers,★★★☆☆,225, 109, Wheat,Eternity Isle
,,,,,, Any Vegetables,
,,,,,, Soya,
,Ajiaco, Entrées,★★★☆☆,757, 898, Corn,Eternity Isle
,,,,,, Potato,
,,,,,, Poultry,
,Baked Beans, Entrées,★★☆☆☆,544, 388, Beans,Eternity Isle
,,,,,, Pork,
,Best Fish Forever, Entrées,★★★★☆,"4,420"," 1,400", Sea Snail,Eternity Isle
,,,,,, Robot Fish,
,,,,,, Celery,
,,,,,, Cumin,
,Biryani, Entrées,★★★★★,"1,468"," 1,049", Poultry,Eternity Isle
,,,,,, Rice,
,,,,,, Cinnamon,
,,,,,, Cumin,
,,,,,, Mint,
,Blend of the Bayou, Entrées,★★★★★,"4,238"," 2,409", Prisma Shrimp,Eternity Isle
,,,,,, Rice,
,,,,,, Celery,
,,,,,, Butter,
,,,,,, Any Spice,
,Bony Osso Buco, Entrées,★★★★☆,"1,192", 272, Skeleton Fish,Eternity Isle
,,,,,, Celery,
,,,,,, Any Vegetable,
,,,,,, Grapes,
,Braised Abalone, Entrées,★★★★☆,"2,500", 570, Oyster,Eternity Isle
,,,,,, Sea Snail,
,,,,,, Mushroom,
,,,,,, Garlic,
,Braised Bamboo Shoots, Entrées,★★★★☆,898, 461, Bamboo,Eternity Isle
,,,,,, Canola,
,,,,,, Soya,
,,,,,, Ginger,
,Brandade de Morue, Entrées,★★★★★,"2,336", 757, Cod,Eternity Isle
,,,,,, Potato,
,,,,,, Milk,
,,,,,, Lemon,
,,,,,, Garlic,
,Burrito, Entrées,★★★★☆,809, 473, Any Meat,Eternity Isle
,,,,,, Wheat,
,,,,,, Beans,
,,,,,, Cumin,
,Butter Chicken, Entrées,★★★★★,"2,142"," 1,200", Poultry,Eternity Isle
,,,,,, Tomato,
,,,,,, Butter,
,,,,,, Lemon,
,,,,,, Cumin,
,Cheeseburger, Entrées,★★★★☆,"1,113"," 1,785", Venison,Eternity Isle
,,,,,, Wheat,
,,,,,, Any Vegetable,
,,,,,, Cheese,
,Chicken Souvlaki, Entrées,★★★★☆,"1,816", 949, Poultry,Eternity Isle
,,,,,, Lemon,
,,,,,, Mint,
,,,,,, Paprika,
,Classic Mac & Cheese, Entrées,★★☆☆☆,541, 236, Wheat,Eternity Isle
,,,,,, Cheese,
,Club Sandwich, Entrées,★★★★☆,"1,075"," 1,161", Pork,Eternity Isle
,,,,,, Poultry,
,,,,,, Wheat,
,,,,,, Tomato,
,Coq en Barbouille, Entrées,★★★★☆,880," 1,030", Poultry,Eternity Isle
,,,,,, Onion,
,,,,,, Any Vegetable,
,,,,,, Grapes,
,Cream Cheese Bagel, Entrées,★★★☆☆,652, 280, Wheat,Eternity Isle
,,,,,, Cheese,
,,,,,, Any Sweet,
,Crimson Burger, Entrées,★★★☆☆,187, 231, Wheat,Eternity Isle
,,,,,, Any Vegetable,
,,,,,, Ruby Lentils,
,Dragon Roll Maki, Entrées,★★★★☆,"3,193"," 1,670", Electric Eel,Eternity Isle
,,,,,, Rice,
,,,,,, Seaweed,
,,,,,, Any Vegetable,
,Fabulous Fajitas, Entrées,★★★★★,852, 851, Poultry,Eternity Isle
,,,,,, Wheat,
,,,,,, Any Vegetable,
,,,,,, Any Vegetable,
,,,,,, Cumin,
,Good Ol' Fashioned Burger, Entrées,★★★☆☆,634," 1,413", Venison,Eternity Isle
,,,,,, Wheat,
,,,,,, Lettuce,
,Hamburger Steak, Entrées,★★★★☆,855," 1,774", Venison,Eternity Isle
,,,,,, Potato,
,,,,,, Any Vegetable,
,,,,,, Beans,
,Hawaiian Pizza, Entrées,★★★★★,"1,506"," 1,577", Pork,Eternity Isle
,,,,,, Wheat,
,,,,,, Tomato,
,,,,,, Cheese,
,,,,,, Pineapple,
,Jerk Chicken, Entrées,★★★★☆,"1,229"," 1,102", Poultry,Eternity Isle
,,,,,, Onion,
,,,,,, Garlic,
,,,,,, Any Spice,
,Latkes, Entrées,★★★★☆,"1,280", 937, Onion,Eternity Isle
,,,,,, Potato,
,,,,,, Canola,
,,,,,, Egg,
,Lo-Fries, Entrées,★★★☆☆,387, 358, Flute Root,Eternity Isle
,,,,,, Yam,
,,,,,, Canola,
,Meat Pie, Entrées,★★★☆☆,"1,047", 618, Any Meat,Eternity Isle
,,,,,, Wheat,
,,,,,, Butter,
,Meaty Taco, Entrées,★★★★★,"1,112"," 1,785", Venison,Eternity Isle
,,,,,, Chili Pepper,
,,,,,, Corn,
,,,,,, Any Vegetable,
,,,,,, Cumin,
,Milky Way Stew, Entrées,★★★★☆,"1,872", 733, Rainbow Trout,Eternity Isle
,,,,,, Milk,
,,,,,, Turnip,
,,,,,, Cosmic Figs,
,Moqueca de Pirarucu, Entrées,★★★★☆,"3,453"," 1,024", Pirarucu,Eternity Isle
,,,,,, Any Vegetable,
,,,,,, Any Vegetable,
,,,,,, Coconut,
,Nachos, Entrées,★★★☆☆,842, 383, Chili Pepper,Eternity Isle
,,,,,, Corn,
,,,,,, Cheese,
,Pasta with Herbs, Entrées,★★★☆☆,759, 289, Wheat,Eternity Isle
,,,,,, Butter,
,,,,,, Any Spice,
,Pesto with Linguine, Entrées,★★★★☆,"1,063", 438, Wheat,Eternity Isle
,,,,,, Butter,
,,,,,, Garlic,
,,,,,, Oregano,
,Piquant Piranha Soup, Entrées,★★★☆☆,"4,001"," 2,041", Chili Pepper,Eternity Isle
,,,,,, Bamboo,
,,,,,, Piranha,
,Poutine, Entrées,★★★☆☆,845, 580, Potato,Eternity Isle
,,,,,, Canola,
,,,,,, Cheese,
,Pulled Pork, Entrées,★★★★☆,"1,021", 738, Pork,Eternity Isle
,,,,,, Onion,
,,,,,, Tomato,
,,,,,, Oregano,
,Pupusas Revueltas, Entrées,★★★☆☆,627, 790, Poultry,Eternity Isle
,,,,,, Corn,
,,,,,, Beans,
,Rainbouillabaisse, Entrées,★★★★★,"4,174"," 2,087", Prisma Shrimp,Eternity Isle
,,,,,, Any Seafood,
,,,,,, Rainbow Trout,
,,,,,, Tomato,
,,,,,, Any Vegetable,
,Ramen, Entrées,★★★☆☆,"1,128", 660, Pork,Eternity Isle
,,,,,, Wheat,
,,,,,, Egg,
,Rhapsody Roll, Entrées,★★★★☆,335, 301, Rice,Eternity Isle
,,,,,, Flute Root,
,,,,,, Seaweed,
,,,,,, Any Vegetable,
,Roast, Entrées,★☆☆☆☆,450, 300, Any Meat,Eternity Isle
,Royal Burger, Entrées,★★★★★,"1,670"," 2,303", Pork,Eternity Isle
,,,,,, Venison,
,,,,,, Wheat,
,,,,,, Any Vegetable,
,,,,,, Cheese,
,Ruby Masoor Dal, Entrées,★★★☆☆,405, 357, Chili Pepper,Eternity Isle
,,,,,, Tomato,
,,,,,, Ruby Lentils,
,Sand Stew, Entrées,★★★★★,"5,000"," 2,244", Dunebopper,Eternity Isle
,,,,,, Sand Fish,
,,,,,, Any Vegetable,
,,,,,, Sand Worm,
,,,,,, Any Spice,
,Sausage and Sauerkraut Platter, Entrées,★★★☆☆,958, 884, Pork,Eternity Isle
,,,,,, Cabbage,
,,,,,, Potato,
,Schnitzel, Entrées,★★★☆☆,640, 854, Poultry,Eternity Isle
,,,,,, Wheat,
,,,,,, Canola,
,Sesame Seed Bagel, Entrées,★★☆☆☆,160, 26, Wheat,Eternity Isle
,,,,,, Any Sweet,
,Shawarma, Entrées,★★★★★,"2,048"," 1,877", Venison,Eternity Isle
,,,,,, Rice,
,,,,,, Lemon,
,,,,,, Cinnamon,
,,,,,, Garlic,
,Shish Taouk, Entrées,★★★★★,"1,928"," 1,109", Poultry,Eternity Isle
,,,,,, Rice,
,,,,,, Lemon,
,,,,,, Garlic,
,,,,,, Oregano,
,Sweet and Sour Stir-Fry, Entrées,★★★★★,"2,350"," 2,148", Poultry,Eternity Isle
,,,,,, Broccoli,
,,,,,, Canola,
,,,,,, Dreamango,
,,,,,, Pineapple,
,Tandoori Chicken, Entrées,★★★★☆,"1,199", 964, Chili Pepper,Eternity Isle
,,,,,, Poultry,
,,,,,, Cumin,
,,,,,, Paprika,
,Tofu, Entrées,★☆☆☆☆,142, 82, Soya,Eternity Isle
,,,,,,,
,Tourtière, Entrées,★★★★☆,814," 1,704", Venison,Eternity Isle
,,,,,, Wheat,
,,,,,, Potato,
,,,,,, Any Vegetable,
,Turkey Leg, Entrées,★★★★☆,"1,123", 884, Poultry,Eternity Isle
,,,,,, Cumin,
,,,,,, Paprika,
,,,,,, Agave,
,Turnip Tartiflette, Entrées,★★★☆☆,"1,459", 863, Pork,Eternity Isle
,,,,,, Turnip,
,,,,,, Cheese,
,Vegetarian Turnip Tartiflette, Entrées,★★★☆☆,816, 399, Mushroom,Eternity Isle
,,,,,, Turnip,
,,,,,, Soya,
,Yakisoba, Entrées,★★★☆☆,789, 710, Pork,Eternity Isle
,,,,,, Wheat,
,,,,,, Cabbage,
,Apple Sauce, Desserts,★★☆☆☆,823, 71, Apple,Eternity Isle
,,,,,, Cinnamon,
,Basil Berry Salad, Desserts,★★★☆☆,"1,355", 142, Blueberry,Eternity Isle
,,,,,, Basil,
,,,,,, Strawberry,
,Cannoli, Desserts,★★★★☆,"1,482", 678, Wheat,Eternity Isle
,,,,,, Cheese,
,,,,,, Egg,
,,,,,, Vanilla,
,Caramel Macarons, Desserts,★★★☆☆,"1,724", 401, Almonds,Eternity Isle
,,,,,, Egg,
,,,,,, Agave,
,Charlotte Cake, Desserts,★★★☆☆,759, 69, Wheat,Eternity Isle
,,,,,, Strawberry,
,,,,,, Agave,
,Chocolate Macarons, Desserts,★★★☆☆,"2,354", 419, Almonds,Eternity Isle
,,,,,, Egg,
,,,,,, Cocoa Bean,
,Cinnamon Donut, Desserts,★★★★☆,"1,094", 406, Wheat,Eternity Isle
,,,,,, Egg,
,,,,,, Cinnamon,
,,,,,, Any Sweet,
,Cotton Candy, Desserts,★★☆☆☆,298, 56, Agave,Eternity Isle
,,,,,, Sugarcane,
,Croissant, Desserts,★★☆☆☆,566, 249, Wheat,Eternity Isle
,,,,,, Butter,
,Cupcakes, Desserts,★★★★☆,"1,853", 433, Wheat,Eternity Isle
,,,,,, Egg,
,,,,,, Cherry,
,,,,,, Agave,
,Danish, Desserts,★★★★☆,705, 314, Wheat,Eternity Isle
,,,,,, Butter,
,,,,,, Any Fruit,
,,,,,, Any Fruit,
,Dreamango Boba Tea, Desserts,★★★☆☆,"1,833", 418, Milk,Eternity Isle
,,,,,, Dreamango,
,,,,,, Sugarcane,
,French Macarons, Desserts,★★☆☆☆,"1,461", 340, Almonds,Eternity Isle
,,,,,, Egg,
,Fruit Milkshake, Desserts,★★★☆☆,"1,113", 544, Slush Ice,Eternity Isle
,,,,,, Milk,
,,,,,, Any Fruit,
,Glazed Donut, Desserts,★★★☆☆,760, 336, Wheat,Eternity Isle
,,,,,, Egg,
,,,,,, Any Sweet,
,Gourmet Grubs, Desserts,★★★☆☆,"5,000"," 2,065", Sea Snail,Eternity Isle
,,,,,, Sand Worm,
,,,,,, Scorpion,
,Jam Macarons, Desserts,★★★☆☆,"1,581", 378, Almonds,Eternity Isle
,,,,,, Egg,
,,,,,, Any Fruit,
,Kanelbulle, Desserts,★★★★☆,"1,548", 663, Wheat,Eternity Isle
,,,,,, Butter,
,,,,,, Egg,
,,,,,, Cinnamon,
,Kouign-Amann, Desserts,★★★★☆,"1,358", 610, Wheat,Eternity Isle
,,,,,, Butter,
,,,,,, Butter,
,,,,,, Agave,
,Maamouls, Desserts,★★★☆☆,"1,614", 100, Wheat,Eternity Isle
,,,,,, Almonds,
,,,,,, Dates,
,Makrout, Desserts,★★★★☆,"1,157", 254, Wheat,Eternity Isle
,,,,,, Canola,
,,,,,, Dates,
,,,,,, Cinnamon,
,Melon Boba Tea, Desserts,★★★☆☆,911, 478, Milk,Eternity Isle
,,,,,, Melon,
,,,,,, Sugarcane,
,Mooncake, Desserts,★★★★☆,465, 276, Wheat,Eternity Isle
,,,,,, Canola,
,,,,,, Beans,
,,,,,, Agave,
,Nestling Crepe, Desserts,★★★★☆,"1,938", 715, Wheat,Eternity Isle
,,,,,, Egg,
,,,,,, Milk,
,,,,,, Nestling Pear,
,Pastéis de Nata, Desserts,★★★★☆,"1,645", 774, Corn,Eternity Isle
,,,,,, Egg,
,,,,,, Milk,
,,,,,, Vanilla,
,Pear Upside-Down Cake, Desserts,★★★☆☆,"1,218", 345, Wheat,Eternity Isle
,,,,,, Egg,
,,,,,, Nestling Pear,
,Pineapple Soft Serve, Desserts,★★☆☆☆,717, 886, Slush Ice,Eternity Isle
,,,,,, Pineapple,
,Popcorn, Desserts,★★☆☆☆,201, 161, Corn,Eternity Isle
,,,,,, Canola,
,Raspberry Jam Sandwich, Desserts,★★☆☆☆,549, 29, Wheat,Eternity Isle
,,,,,, Raspberry,
,Red Velvet, Desserts,★★★★★,"2,458", 783, Wheat,Eternity Isle
,,,,,, Cheese,
,,,,,, Egg,
,,,,,, Cocoa Bean,
,,,,,, Vanilla,
,Spicy Macarons, Desserts,★★★☆☆,"1,796", 475, Chili Pepper,Eternity Isle
,,,,,, Almonds,
,,,,,, Egg,
,Spiky Berry Pie, Desserts,★★★★★,"2,188", 421, Wheat,Eternity Isle
,,,,,, Butter,
,,,,,, Cactoberries,
,,,,,, Strawberry,
,,,,,, Any Spice,
,Stellar Milkshake, Desserts,★★★☆☆,"1,169", 562, Slush Ice,Eternity Isle
,,,,,, Milk,
,,,,,, Cosmic Figs,
,Strawberry Pie, Desserts,★★★☆☆,"1,092", 300, Wheat,Eternity Isle
,,,,,, Butter,
,,,,,, Strawberry,
,Strawberry Shortcake, Desserts,★★★☆☆,"1,173", 342, Wheat,Eternity Isle
,,,,,, Egg,
,,,,,, Strawberry,
,Stuffed Dates, Desserts,★★☆☆☆,"1,495", 91, Almonds,Eternity Isle
,,,,,, Dates,
,Sugar-Free Banana Muffin, Desserts,★★☆☆☆,677, 39, Wheat,Eternity Isle
,,,,,, Banana,
,Sugar-Free Blueberry Muffin, Desserts,★★☆☆☆,677, 39, Wheat,Eternity Isle
,,,,,, Blueberry,
,Sugar-Free Fruit Explosion Muffin, Desserts,★★★★☆,354, 66, Wheat,Eternity Isle
,,,,,, Any Fruit,
,,,,,, Any Fruit,
,,,,,, Agave,
,Sugar-Free Fruit Muffin, Desserts,★★☆☆☆,117, 13, Wheat,Eternity Isle
,,,,,, Any Fruit,
,Sweet Popcorn, Desserts,★★★☆☆,390, 209, Corn,Eternity Isle
,,,,,, Canola,
,,,,,, Agave,
,Sweet Tofu, Desserts,★★☆☆☆,183, 100, Soya,Eternity Isle
,,,,,, Any Fruit,
,Taiyaki, Desserts,★★☆☆☆,374, 102, Sand Fish,Eternity Isle
,,,,,, Beans,
,Vanilla Macarons, Desserts,★★★☆☆,"1,787", 436, Almonds,Eternity Isle
,,,,,, Egg,
,,,,,, Vanilla,